date,platform,content_type,impressions,reach,likes,comments,shares,followers
2026-08-01,Instagram,Reel,23952,11765,1138,78,53,23434
2026-08-02,YouTube,Image,25174,18227,1441,159,48,22280
2026-08-03,LinkedIn,Video,10164,5448,458,49,53,64987
2026-08-04,Facebook,Article,10223,6299,346,49,41,30926
2026-08-05,Instagram,Image,25876,15690,863,56,104,23396
2026-08-06,YouTube,Video,6039,3566,222,18,13,15695
2026-08-07,LinkedIn,Article,26911,16684,687,103,27,48427
2026-08-08,Facebook,Reel,23599,16020,1723,188,197,16006
2026-08-09,Instagram,Video,24668,13180,738,36,42,23238
2026-08-10,YouTube,Article,15455,8544,745,62,55,37460
2026-08-11,LinkedIn,Reel,24960,13697,1565,184,161,32431
2026-08-12,Facebook,Image,20502,14756,659,56,98,38785
2026-08-13,Instagram,Article,25433,14496,1437,67,184,51347
2026-08-14,YouTube,Reel,16145,8864,434,66,58,51245
2026-08-15,LinkedIn,Image,9967,6902,452,67,38,44718
2026-08-16,Facebook,Video,7575,4099,330,23,33,62350
2026-08-17,Instagram,Reel,14861,7893,945,95,38,16175
2026-08-18,YouTube,Image,6592,3339,148,18,15,60432
2026-08-19,LinkedIn,Video,15504,10395,749,52,72,11504
2026-08-20,Facebook,Article,25291,18125,1655,172,102,54587
2026-08-21,Instagram,Image,6655,3717,164,6,19,44522
2026-08-22,YouTube,Video,19403,14201,1074,56,112,76540
2026-08-23,LinkedIn,Article,22954,12018,764,45,110,79514
2026-08-24,Facebook,Reel,3018,2026,149,7,10,50306
2026-08-25,Instagram,Video,10846,5113,557,85,22,73699
2026-08-26,YouTube,Article,29739,14144,1392,183,63,72296
2026-08-27,LinkedIn,Reel,21015,10740,832,93,121,36365
2026-08-28,Facebook,Image,26361,14902,1781,210,147,77839
2026-08-29,Instagram,Article,17794,8803,442,35,44,40161
2026-08-30,YouTube,Reel,22282,11842,430,49,24,14117
2026-08-01,LinkedIn,Image,13827,6584,338,40,18,27342
2026-08-02,Facebook,Video,26702,21258,1730,167,214,63354
2026-08-03,Instagram,Reel,9239,4479,400,33,31,17100
2026-08-04,YouTube,Image,25064,17338,1528,72,179,24322
2026-08-05,LinkedIn,Video,11147,5806,454,25,23,70637
2026-08-06,Facebook,Article,11185,8652,318,43,42,22833
2026-08-07,Instagram,Image,4657,3219,253,10,10,40982
2026-08-08,YouTube,Video,8449,5072,371,53,51,31579
2026-08-09,LinkedIn,Article,15418,6950,452,68,56,47388
2026-08-10,Facebook,Reel,16861,11933,1142,153,124,73788
2026-08-11,Instagram,Video,8072,4199,208,9,24,17989
2026-08-12,YouTube,Article,27509,15571,537,52,75,79615
2026-08-13,LinkedIn,Reel,8158,3842,290,41,11,18907
2026-08-14,Facebook,Image,25125,19317,1281,195,126,15209
2026-08-15,Instagram,Article,23295,11189,997,107,67,44179
2026-08-16,YouTube,Reel,9693,6763,394,28,18,49321
2026-08-17,LinkedIn,Image,17982,10195,995,48,84,23104
2026-08-18,Facebook,Video,5400,3504,264,14,18,19016
2026-08-19,Instagram,Reel,11004,6456,285,39,32,79329
2026-08-20,YouTube,Image,3256,2269,181,27,7,27601
2026-08-21,LinkedIn,Video,11666,5747,227,24,14,37607
2026-08-22,Facebook,Article,26514,15295,1405,200,127,42914
2026-08-23,Instagram,Image,4664,2258,153,11,4,27146
2026-08-24,YouTube,Video,23876,19399,864,80,99,11267
2026-08-25,LinkedIn,Article,6665,3184,348,51,33,58393
2026-08-26,Facebook,Reel,22087,14454,992,44,73,15229
2026-08-27,Instagram,Video,14724,7770,407,21,50,63264
2026-08-28,YouTube,Article,23337,16973,1923,131,95,33206
2026-08-29,LinkedIn,Reel,16510,7580,729,58,103,42527
2026-08-30,Facebook,Image,11742,5975,556,47,19,71694