date,device,traffic_source,visitors,product_views,add_to_cart,checkouts,purchases,revenue
2026-08-01,Mobile,Organic,457,297,62,48,29,3306
2026-08-02,Desktop,Social,694,491,80,28,18,1296
2026-08-03,Tablet,Referral,2077,1428,128,50,25,1100
2026-08-04,Mobile,Paid Ads,692,419,92,37,23,2047
2026-08-05,Desktop,Email,1413,1061,152,56,26,832
2026-08-06,Tablet,Organic,978,639,147,85,42,4158
2026-08-07,Mobile,Social,550,320,59,41,35,2345
2026-08-08,Desktop,Referral,1652,1214,241,102,84,5460
2026-08-09,Tablet,Paid Ads,505,432,54,36,27,918
2026-08-10,Mobile,Email,764,499,116,78,47,3760
2026-08-11,Desktop,Organic,469,335,50,34,20,2140
2026-08-12,Tablet,Social,653,558,113,68,40,4520
2026-08-13,Mobile,Referral,2492,1741,313,130,64,2560
2026-08-14,Desktop,Paid Ads,816,658,163,123,104,7072
2026-08-15,Tablet,Email,785,628,103,79,60,4080
2026-08-16,Mobile,Organic,1879,1090,93,62,51,5661
2026-08-17,Desktop,Social,1957,1209,288,153,109,8393
2026-08-18,Tablet,Referral,1640,1130,100,59,47,2303
2026-08-19,Mobile,Paid Ads,509,399,96,43,22,1144
2026-08-20,Desktop,Email,1871,1567,229,86,58,2146
2026-08-21,Tablet,Organic,411,229,51,37,31,2759
2026-08-22,Mobile,Social,2370,2092,373,174,88,6600
2026-08-23,Desktop,Referral,933,594,58,26,18,1404
2026-08-24,Tablet,Paid Ads,1123,765,74,32,16,1040
2026-08-25,Mobile,Email,1369,1010,173,72,40,2200
2026-08-26,Desktop,Organic,479,278,44,33,27,918
2026-08-27,Tablet,Social,2273,1809,188,84,65,5525
2026-08-28,Mobile,Referral,915,594,115,55,36,2916
2026-08-29,Desktop,Paid Ads,1561,1356,281,167,138,14214
2026-08-30,Tablet,Email,2052,1648,276,168,91,10374
2026-08-01,Mobile,Organic,931,709,59,23,19,2166
2026-08-02,Desktop,Social,661,572,132,59,52,5356
2026-08-03,Tablet,Referral,2415,1379,150,119,75,2475
2026-08-04,Mobile,Paid Ads,1700,1207,238,136,68,4488
2026-08-05,Desktop,Email,1767,1177,114,59,52,3432
2026-08-06,Tablet,Organic,1568,1321,153,108,57,3591
2026-08-07,Mobile,Social,2079,1318,238,139,65,3120
2026-08-08,Desktop,Referral,1540,1324,283,126,66,7062
2026-08-09,Tablet,Paid Ads,2378,1904,445,208,140,12880
2026-08-10,Mobile,Email,1062,953,211,83,65,4615
2026-08-11,Desktop,Organic,847,496,76,43,38,1406
2026-08-12,Tablet,Social,931,698,117,43,30,3150
2026-08-13,Mobile,Referral,2180,1627,280,218,98,11368
2026-08-14,Desktop,Paid Ads,2293,1647,153,60,46,3772
2026-08-15,Tablet,Email,659,519,89,50,43,3010
2026-08-16,Mobile,Organic,328,189,25,9,7,462
2026-08-17,Desktop,Social,1058,590,82,40,20,1680
2026-08-18,Tablet,Referral,541,299,59,26,12,600
2026-08-19,Mobile,Paid Ads,1166,741,156,57,28,1764
2026-08-20,Desktop,Email,408,234,53,34,27,2943
2026-08-21,Tablet,Organic,1219,780,115,49,25,2900
2026-08-22,Mobile,Social,1615,1165,206,159,122,9394
2026-08-23,Desktop,Referral,1647,1170,211,93,60,5220
2026-08-24,Tablet,Paid Ads,368,269,58,31,26,1222
2026-08-25,Mobile,Email,760,438,40,15,6,342
2026-08-26,Desktop,Organic,2359,1969,289,165,146,8030
2026-08-27,Tablet,Social,1582,1072,157,64,55,5555
2026-08-28,Mobile,Referral,595,463,105,38,18,2142
2026-08-29,Desktop,Paid Ads,721,537,127,90,80,5600
2026-08-30,Tablet,Email,1613,1098,212,126,81,9558
2026-08-01,Mobile,Organic,662,370,30,10,5,465
2026-08-02,Desktop,Social,1522,850,133,48,41,3075
2026-08-03,Tablet,Referral,1539,1268,264,102,47,5593
2026-08-04,Mobile,Paid Ads,1186,877,132,67,43,1677
2026-08-05,Desktop,Email,2330,1572,382,287,186,14880
2026-08-06,Tablet,Organic,2261,1380,267,180,101,10605
2026-08-07,Mobile,Social,1967,1152,153,73,59,6136
2026-08-08,Desktop,Referral,2382,1736,268,160,106,6042
2026-08-09,Tablet,Paid Ads,1883,1550,350,128,93,2418
2026-08-10,Mobile,Email,992,646,133,97,72,3168
2026-08-11,Desktop,Organic,2420,1838,284,152,68,7208
2026-08-12,Tablet,Social,1323,985,129,87,39,3471
2026-08-13,Mobile,Referral,1004,573,115,46,41,3362
2026-08-14,Desktop,Paid Ads,1677,1072,205,74,59,3481
2026-08-15,Tablet,Email,1376,839,130,74,34,1564
2026-08-16,Mobile,Organic,678,463,79,52,26,2756
2026-08-17,Desktop,Social,1772,1442,132,82,61,2135
2026-08-18,Tablet,Referral,2270,1718,358,150,100,6100
2026-08-19,Mobile,Paid Ads,1725,1112,163,102,66,7524
2026-08-20,Desktop,Email,1726,1139,272,166,85,4760
2026-08-21,Tablet,Organic,1051,907,124,83,68,5508
2026-08-22,Mobile,Social,353,241,57,33,18,1422
2026-08-23,Desktop,Referral,2429,1655,224,141,83,7221
2026-08-24,Tablet,Paid Ads,643,418,99,73,55,2200
2026-08-25,Mobile,Email,1845,1040,134,66,38,2812
2026-08-26,Desktop,Organic,458,370,49,35,16,1216
2026-08-27,Tablet,Social,809,512,52,19,14,1358
2026-08-28,Mobile,Referral,2048,1706,160,93,46,2760
2026-08-29,Desktop,Paid Ads,414,293,62,30,25,3000
2026-08-30,Tablet,Email,2284,1754,390,254,213,14910