sku,category,product,unit_cost,current_stock,reorder_level,max_stock,monthly_demand,lead_time_days,supplier
SKU001,Electronics,Electronics Item 1,886,59,99,346,158,7,Supplier A
SKU002,Stationery,Stationery Item 2,827,29,33,195,94,20,Supplier B
SKU003,Home,Home Item 3,68,77,39,131,60,14,Supplier C
SKU004,Grocery,Grocery Item 4,1260,166,135,287,216,13,Supplier D
SKU005,Electronics,Electronics Item 5,200,28,54,253,92,18,Supplier A
SKU006,Stationery,Stationery Item 6,193,161,20,381,44,5,Supplier B
SKU007,Home,Home Item 7,1330,197,34,500,94,5,Supplier C
SKU008,Grocery,Grocery Item 8,1027,132,28,323,68,9,Supplier D
SKU009,Electronics,Electronics Item 9,150,87,140,102,192,15,Supplier A
SKU010,Stationery,Stationery Item 10,127,432,126,458,202,12,Supplier B
SKU011,Home,Home Item 11,806,276,96,321,181,6,Supplier C
SKU012,Grocery,Grocery Item 12,527,177,101,327,136,3,Supplier D
SKU013,Electronics,Electronics Item 13,619,3,10,160,22,20,Supplier A
SKU014,Stationery,Stationery Item 14,1286,182,91,411,162,20,Supplier B
SKU015,Home,Home Item 15,457,57,23,287,48,9,Supplier C
SKU016,Grocery,Grocery Item 16,1292,389,26,446,35,3,Supplier D
SKU017,Electronics,Electronics Item 17,1434,91,56,399,141,2,Supplier A
SKU018,Stationery,Stationery Item 18,1319,32,68,412,95,10,Supplier B
SKU019,Home,Home Item 19,202,67,60,83,131,8,Supplier C
SKU020,Grocery,Grocery Item 20,174,67,105,223,143,4,Supplier D
SKU021,Electronics,Electronics Item 21,1099,408,83,464,173,17,Supplier A
SKU022,Stationery,Stationery Item 22,183,103,68,225,145,11,Supplier B
SKU023,Home,Home Item 23,1170,67,18,310,38,6,Supplier C
SKU024,Grocery,Grocery Item 24,1396,101,28,147,39,13,Supplier D
SKU025,Electronics,Electronics Item 25,958,98,63,123,90,6,Supplier A
SKU026,Stationery,Stationery Item 26,620,185,85,461,156,9,Supplier B
SKU027,Home,Home Item 27,120,37,45,439,79,18,Supplier C
SKU028,Grocery,Grocery Item 28,606,231,79,291,197,10,Supplier D
SKU029,Electronics,Electronics Item 29,319,28,85,198,172,12,Supplier A
SKU030,Stationery,Stationery Item 30,716,40,40,334,57,14,Supplier B
SKU031,Home,Home Item 31,1350,195,131,429,196,20,Supplier C
SKU032,Grocery,Grocery Item 32,1345,112,107,460,195,9,Supplier D
SKU033,Electronics,Electronics Item 33,370,2,36,434,57,12,Supplier A
SKU034,Stationery,Stationery Item 34,687,77,98,87,157,6,Supplier B
SKU035,Home,Home Item 35,391,30,56,176,159,5,Supplier C
SKU036,Grocery,Grocery Item 36,851,157,54,353,148,14,Supplier D
SKU037,Electronics,Electronics Item 37,312,158,75,223,181,4,Supplier A
SKU038,Stationery,Stationery Item 38,709,334,123,357,171,11,Supplier B
SKU039,Home,Home Item 39,83,2,28,97,72,7,Supplier C
SKU040,Grocery,Grocery Item 40,204,40,64,168,163,15,Supplier D